{"METEOR": 1.0, "METEOR_per_caption": [1.0, 1.0, 1.0, 1.0, 1.0, 1.0, 1.0, 1.0, 1.0, 1.0], "CIDEr": 1.9232977455388016, "CIDEr_per_caption": [0.8900905748301979, 1.4168611735633265, 1.883782579161514, 1.25, 1.3895310343568585, 1.4879476083818495, 1.4409572598296303, 1.9738072252646415, 5.0, 2.5]}